{"r2": 0.5343667224954612, "mae": 33.524319078947364, "feature_importance": {"_type": "image-file", "sha256": "a8907655c83a28651dcf9f4e3c7e384d00a3d62a1a992316d6aa6c97fde57903", "size": 33440, "path": "media/images/feature_importance_0_a8907655c83a28651dcf.png", "format": "png", "width": 1000, "height": 1000}, "_timestamp": 1725935893.157936, "_runtime": 21.441251039505005, "_step": 0, "_wandb": {"runtime": 20}}