{"r2": 0.5485789169436035, "mae": 33.65614802631579, "feature_importance": {"_type": "image-file", "sha256": "a04ca46feb338227820c6f831c150db760f2db16a21a076ebc3d1a044abb04ca", "size": 33441, "path": "media/images/feature_importance_0_a04ca46feb338227820c.png", "format": "png", "width": 1000, "height": 1000}, "_timestamp": 1725935974.1998, "_runtime": 25.821752071380615, "_step": 0, "_wandb": {"runtime": 25}}